Abir Makki	101088562	AbirMakki@cmail.carleton.ca	
Alexis Gawlina	101194124	ALEXISGAWLINA@cmail.carleton.ca	
Alvin Ahn	101352266	AlvinAhn@cmail.carleton.ca	
Andre Cusson	101071598	AndreCusson@cmail.carleton.ca	
Asha Stott	101351193	AshaStott@cmail.carleton.ca	
Basil Currie	101157564	BasilCurrie@cmail.carleton.ca	
Chloe Maignan: 101187201, CHLOEMAIGNAN@cmail.carleton.ca
Chloe Theriault	101348214	ChloeTheriault@cmail.carleton.ca	
Christopher Sproule	101352783	ChristopherSproule@cmail.carleton.ca
Daniel Kendall 101078481, DanielKendall@cunet.carleton.ca	
Dennis Avgerinos	101293693	DennisAvgerinos@cmail.carleton.ca	
Faeza Afrin	101114665	faezaafrin@cmail.carleton.ca	
Haseena Doost	101185453	HASEENADOOST@cmail.carleton.ca	
Hassan Hannawi	101044786	HassanHannawi@cmail.carleton.ca	
Josh Harriman	101351899	joshharriman@cmail.carleton.ca	
Kaleigh Mackay	101051189	KaleighMackay@cmail.carleton.ca	
Kaylee Komatich	101348250	KayleeKomatich@cmail.carleton.ca	
Mais Joudeh	101180890	MAISJOUDEH@cmail.carleton.ca	
Maria Fares	101183487	MARIAFARES@cmail.carleton.ca	
Mostafa Bdeir	101348025	MostafaBdeir@cmail.carleton.ca	
Noah Perkins	101156529	NoahEPerkins@cmail.carleton.ca	
Rashida Leslie	101345562	RashidaLeslie@cmail.carleton.ca	
Rebecca Sondermeyer	101004334	rebeccasondermeyer@cmail.carleton.ca	
Sarania Dabee	101052132	SaraniaDabee@cmail.carleton.ca	
Shagana Muttiah 101150519, shaganamuttiah@cmail.carleton.ca
Sun-Woo Park	101348281	SunWooPark@cmail.carleton.ca	
Tess Coman	101041412	TessComan@cmail.carleton.ca	
Zelal Kaya	101348046	ZelalKaya@cmail.carleton.ca